{"mae": 0.2892569845857418, "r2": 0.12500254962370783}